region_id,cx,cy,r
0,0.4728014996243487,0.645321867602014,0.20254856032192953
1,0.24615666502161498,0.28063160786221153,0.20855745988236946
