region_id,cx,cy,r
0,0.4638027421367654,0.2232902664123688,0.19260292036031748
1,0.6185456252489305,0.6447064394445663,0.2395145815052181
