region_id,x,y,st_cost
0,0.37134386086,0.200570450194,298.1331102167746
0,0.390740307826,0.074492571451,216.98551045789856
1,0.684381169343,0.612226790862,291.93489220085326
1,0.490365528543,0.579835377146,205.46160344589987
0,0.323130838237,0.262783725258,184.60370927534078
1,0.551871897707,0.580697265924,341.8366869426382
