tree,substations,SUB_cost_each,SUB_cost_total,edges,EGC_line,IGC,DSC,ST_cost,TOTAL
Kruskal (TK),1,10223.495919315406,10223.495919315406,124,2660.7376591256316,571799.4844235994,0.0,0.0,584683.7180020404
With Steiner in regions (TEST),1,10223.495919315406,10223.495919315406,134,2720.826900470955,571799.4844235994,0.0,1538.9555125394052,586282.7627559252
